-- MySQL dump 10.13  Distrib 8.0.34, for Win64 (x86_64)
--
-- Host: localhost    Database: garnet_public
-- ------------------------------------------------------
-- Server version	5.5.5-10.4.28-MariaDB

/*!40101 SET @OLD_CHARACTER_SET_CLIENT=@@CHARACTER_SET_CLIENT */;
/*!40101 SET @OLD_CHARACTER_SET_RESULTS=@@CHARACTER_SET_RESULTS */;
/*!40101 SET @OLD_COLLATION_CONNECTION=@@COLLATION_CONNECTION */;
/*!50503 SET NAMES utf8 */;
/*!40103 SET @OLD_TIME_ZONE=@@TIME_ZONE */;
/*!40103 SET TIME_ZONE='+00:00' */;
/*!40014 SET @OLD_UNIQUE_CHECKS=@@UNIQUE_CHECKS, UNIQUE_CHECKS=0 */;
/*!40014 SET @OLD_FOREIGN_KEY_CHECKS=@@FOREIGN_KEY_CHECKS, FOREIGN_KEY_CHECKS=0 */;
/*!40101 SET @OLD_SQL_MODE=@@SQL_MODE, SQL_MODE='NO_AUTO_VALUE_ON_ZERO' */;
/*!40111 SET @OLD_SQL_NOTES=@@SQL_NOTES, SQL_NOTES=0 */;

--
-- Table structure for table `creators`
--

DROP TABLE IF EXISTS `creators`;
/*!40101 SET @saved_cs_client     = @@character_set_client */;
/*!50503 SET character_set_client = utf8mb4 */;
CREATE TABLE `creators` (
  `creator_id` int(11) NOT NULL AUTO_INCREMENT,
  `name` varchar(50) CHARACTER SET utf8mb4 COLLATE utf8mb4_bin DEFAULT NULL,
  `alias` varchar(255) CHARACTER SET utf8mb4 COLLATE utf8mb4_bin DEFAULT NULL,
  `date_of_birth` date DEFAULT NULL,
  `nationality` varchar(50) CHARACTER SET utf8mb4 COLLATE utf8mb4_bin DEFAULT NULL,
  `social_in` varchar(255) CHARACTER SET utf8mb4 COLLATE utf8mb4_bin DEFAULT NULL,
  `social_x` varchar(255) CHARACTER SET utf8mb4 COLLATE utf8mb4_bin DEFAULT NULL,
  `description` text CHARACTER SET utf8mb4 COLLATE utf8mb4_bin DEFAULT NULL,
  PRIMARY KEY (`creator_id`)
) ENGINE=InnoDB AUTO_INCREMENT=753 DEFAULT CHARSET=utf8mb4 COLLATE=utf8mb4_unicode_ci;
/*!40101 SET character_set_client = @saved_cs_client */;

--
-- Dumping data for table `creators`
--

LOCK TABLES `creators` WRITE;
/*!40000 ALTER TABLE `creators` DISABLE KEYS */;
INSERT INTO `creators` VALUES (1,'Unknown',NULL,NULL,NULL,NULL,NULL,'All videos where the creator is not known.'),(662,'50 Cent','Curtis Jackson','1975-07-06','American','https://www.instagram.com/50cent/','https://twitter.com/50cent','Rapper and actor known for hits like \"In da Club\" and \"Candy Shop\".'),(663,'Abraham Lincoln','Honest Abe','1809-02-12','American','https://www.instagram.com/abrahamlincoln/','https://twitter.com/abe_lincoln','16th President of the United States, known for leading the country through the Civil War and ending slavery.'),(666,'Al Gore',NULL,'1948-03-31','American','https://www.instagram.com/algore/','https://twitter.com/algore','Former Vice President of the United States and environmental activist, known for his work on climate change awareness.'),(667,'Alan Turing',NULL,'1912-06-23','British','https://www.instagram.com/alandmturing/','https://twitter.com/alanmturing','Mathematician, computer scientist, and codebreaker known for his work during World War II and his contributions to computing.'),(668,'Albert Einstein',NULL,'1879-03-14','German-American','https://www.instagram.com/alberteinstein/','https://twitter.com/alberteinstein','Theoretical physicist best known for his theory of relativity (E=mc²) and the equation describing the photoelectric effect, awarded the Nobel Prize in Physics in 1921.'),(669,'Alfred Hitchcock','Hitch','1899-08-13','British','https://www.instagram.com/alfredhitchcock/','https://twitter.com/alfredhitchcock','Legendary film director and producer, known as the \"Master of Suspense\" for his psychological thrillers.'),(670,'Amelia Earhart',NULL,'1897-07-24','American','https://www.instagram.com/ameliamearhart/','https://twitter.com/ameliamearhart','Aviation pioneer and author, the first female aviator to fly solo across the Atlantic Ocean.'),(671,'Arnold Schwarzenegger','Arnie','1947-07-30','Austrian-American','https://www.instagram.com/schwarzenegger/','https://twitter.com/schwarzenegger','Actor, bodybuilder, and former Governor of California, best known for his roles in action films such as \"Terminator\" series.'),(672,'Ashlee Simpson',NULL,'1984-10-03','American','https://www.instagram.com/ashleesimpson/','https://twitter.com/ashleesimpson','Singer, songwriter, and actress, known for her albums \"Autobiography\" and \"I Am Me\", and for her reality TV show \"The Ashlee Simpson Show\".'),(673,'Ashley Benson',NULL,'1989-12-18','American','https://www.instagram.com/ashleybenson/','https://twitter.com/ashbenzo','Actress and model, best known for her role as Hanna Marin in the television series \"Pretty Little Liars\".'),(674,'Audrey Hepburn',NULL,'1929-05-04','British','https://www.instagram.com/audreyhepburn/','https://twitter.com/audreyhepburn','Iconic actress and humanitarian, known for her roles in films like \"Breakfast at Tiffany\'s\" and \"Roman Holiday\".'),(675,'Babe Ruth','The Bambino','1895-02-06','American','https://www.instagram.com/baberuth/','https://twitter.com/baberuth','Legendary baseball player, considered one of the greatest in history, known for his record-breaking home runs and charismatic personality.'),(676,'Barack Obama',NULL,'1961-08-04','American','https://www.instagram.com/barackobama/','https://twitter.com/barackobama','44th President of the United States, known for his landmark healthcare reform (Obamacare) and efforts to combat climate change.'),(677,'Belle',NULL,NULL,'French','https://www.instagram.com/belle/','https://twitter.com/belle','Fictional character from Disney\'s \"Beauty and the Beast\", known for her intelligence, kindness, and love of reading.'),(678,'Benazir Bhutto','Bibi','1953-06-21','Pakistani','https://www.instagram.com/benazirbhutto/','https://twitter.com/benazirbhutto','First female Prime Minister of Pakistan, serving two non-consecutive terms from 1988 to 1990 and then from 1993 to 1996.'),(679,'Beyoncé','Queen Bey','1981-09-04','American','https://www.instagram.com/beyonce/','https://twitter.com/beyonce','Singer, songwriter, and actress, known for her powerful vocals, elaborate performances, and influential impact on pop culture.'),(680,'Bill Gates',NULL,'1955-10-28','American','https://www.instagram.com/thisisbillgates/','https://twitter.com/billgates','Co-founder of Microsoft Corporation, philanthropist, and author, known for his contributions to the personal computer revolution.'),(681,'Billie Holiday','Lady Day','1915-04-07','American','https://www.instagram.com/billieholiday/','https://twitter.com/billieholiday','Jazz and blues singer, one of the greatest vocalists of all time, known for her emotive voice and unique style.'),(682,'Billie Jean King','BJK','1943-11-22','American','https://www.instagram.com/billiejeanking/','https://twitter.com/billiejeanking','Former professional tennis player, winner of 39 Grand Slam titles, and advocate for gender equality in sports.'),(683,'Billy Bob Thornton',NULL,'1955-08-04','American','https://www.instagram.com/billybobthornton/','https://twitter.com/billybobthorntn','Actor, filmmaker, and musician, known for his roles in films like \"Sling Blade\" and \"Monster\'s Ball\".'),(684,'Billy Ray Cyrus',NULL,'1961-08-25','American','https://www.instagram.com/billyraycyrus/','https://twitter.com/billyraycyrus','Country music singer, songwriter, and actor, known for his hit single \"Achy Breaky Heart\" and for being the father of Miley Cyrus.'),(685,'Blake Lewis',NULL,'1981-07-21','American','https://www.instagram.com/blakelewis/','https://twitter.com/blakelewis','Singer, songwriter, and beatboxer, runner-up on the sixth season of \"American Idol\" and known for his album \"A.D.D. (Audio Day Dream)\".'),(686,'Bob Geldof',NULL,'1951-10-05','Irish','https://www.instagram.com/bobgeldof/','https://twitter.com/bobgeldof','Musician, philanthropist, and political activist, known for organizing the Live Aid and Live 8 concerts to raise funds for famine relief in Africa.'),(687,'Brad Pitt',NULL,'1963-12-18','American','https://www.instagram.com/bradpittofflcial/','https://twitter.com/bradpittorg','Award-winning actor and film producer, known for his roles in films like \"Fight Club\", \"Ocean\'s Eleven\", and \"Once Upon a Time in Hollywood\".'),(688,'C.S. Lewis','Jack','1898-11-29','British','https://www.instagram.com/cslewis/','https://twitter.com/cslewis','Writer and theologian, best known for his fantasy series \"The Chronicles of Narnia\" and his apologetic works defending Christianity.'),(689,'Carl Lewis','King Carl','1961-07-01','American','https://www.instagram.com/carllewis/','https://twitter.com/carllewis','Legendary track and field athlete, winner of 9 Olympic gold medals and numerous world championships.'),(690,'Charles Darwin',NULL,'1809-02-12','British','https://www.instagram.com/charlesdarwin/','https://twitter.com/charles_darwin','Naturalist, geologist, and biologist, best known for his theory of evolution by natural selection.'),(692,'Christian Slater',NULL,'1969-08-18','American','https://www.instagram.com/christianslater/','https://twitter.com/christianslater','Actor known for his roles in films like \"Heathers\", \"True Romance\", and the television series \"Mr. Robot\".'),(693,'Christiano Ronaldo','CR7','1985-02-05','Portuguese','https://www.instagram.com/cristiano/','https://twitter.com/Cristiano','Professional soccer player considered one of the greatest of all time, known for his speed, skill, and goal-scoring ability.'),(694,'Christie Brinkley',NULL,'1954-02-02','American','https://www.instagram.com/christiebrinkley/','https://twitter.com/seabrinkley','Supermodel and actress, known for her appearances in the Sports Illustrated Swimsuit Issue and her role as \"Uptown Girl\" in the Billy Joel music video.'),(695,'Christina Aguilera','Xtina','1980-12-18','American','https://www.instagram.com/xtina/','https://twitter.com/xtina','Singer, songwriter, and actress, known for her powerful voice and hits like \"Genie in a Bottle\" and \"Beautiful\".'),(696,'Christopher Columbus',NULL,'1451-10-31','Italian','https://www.instagram.com/christophercolumbus/','https://twitter.com/ccolumbus','Explorer and navigator, credited with the discovery of the Americas in 1492, although his voyages initiated widespread European contact with the Americas.'),(697,'Cinderella',NULL,NULL,'Fictional','https://www.instagram.com/cinderella/','https://twitter.com/cinderella','Fictional character from fairy tales and Disney movies, known for her rags-to-riches story and glass slipper.'),(698,'Cleopatra',NULL,NULL,'Egyptian','https://www.instagram.com/cleopatra/','https://twitter.com/cleopatra','Last active ruler of the Ptolemaic Kingdom of Egypt, known for her relationships with Julius Caesar and Mark Antony, and for her intelligence and political acumen.'),(699,'Coco Chanel','Mademoiselle','1883-08-19','French','https://www.instagram.com/chanelofficial/','https://twitter.com/chanel','Fashion designer and businesswoman, founder of the Chanel brand and known for her timeless designs like the \"little black dress\" and Chanel No. 5 perfume.'),(700,'Dalai Lama',NULL,'1935-07-06','Tibetan','https://www.instagram.com/dalailama/','https://twitter.com/dalailama','Spiritual leader of Tibetan Buddhism, known for his teachings on compassion, nonviolence, and promoting harmony among religions.'),(701,'David Beckham','Becks','1975-05-02','British','https://www.instagram.com/davidbeckham/','https://twitter.com/davidbeckham','Former professional soccer player and fashion icon, known for his successful career with Manchester United and Real Madrid, and for his marriage to Victoria Beckham.'),(702,'Desmond Tutu','Archbishop Tutu','1931-10-07','South African','https://www.instagram.com/desmondtutu/','https://twitter.com/desmondtutu','Anglican cleric and human rights activist, known for his role in the anti-apartheid movement in South Africa and his work towards reconciliation.'),(704,'Djimon Hounsou',NULL,'1964-04-24','Beninese-American','https://www.instagram.com/djimon_hounsou/','https://twitter.com/djimonhounsou','Actor and model, known for his roles in films like \"Amistad\", \"Gladiator\", and \"Blood Diamond\".'),(705,'Donald Faison',NULL,'1974-06-22','American','https://www.instagram.com/donald_aison/','https://twitter.com/donald_faison','Actor and comedian, best known for his role as Dr. Christopher Turk in the television series \"Scrubs\".'),(706,'Donald Trump','The Donald','1946-06-14','American','https://www.instagram.com/realdonaldtrump/','https://twitter.com/realdonaldtrump','Business magnate, television personality, and 45th President of the United States.'),(707,'Ellen Pompeo',NULL,'1969-11-10','American','https://www.instagram.com/ellenpompeo/','https://twitter.com/ellenpompeo','Actress, best known for her role as Dr. Meredith Grey in the long-running medical drama series \"Grey\'s Anatomy\".'),(708,'Ellie Goulding',NULL,'1986-12-30','British','https://www.instagram.com/elliegoulding/','https://twitter.com/elliegoulding','Singer, songwriter, and record producer, known for her hits like \"Lights\", \"Love Me Like You Do\", and \"Burn\".'),(709,'Elsa',NULL,NULL,'Fictional','https://www.instagram.com/elsa/','https://twitter.com/elsa','Fictional character from Disney\'s \"Frozen\" franchise, known for her ice powers and the hit song \"Let It Go\".'),(710,'Elvis Presley','The King','1935-01-08','American','https://www.instagram.com/elvis/','https://twitter.com/elvispresley','Iconic singer, musician, and actor, often referred to as the \"King of Rock and Roll\", known for hits like \"Hound Dog\" and \"Love Me Tender\".'),(711,'Emile Zatopek','The Czech Locomotive','1922-09-19','Czechoslovakian','https://www.instagram.com/emilezatopek/','https://twitter.com/emilezatopek','Long-distance runner and Olympic champion, known for his four gold medals won at the 1952 Summer Olympics in Helsinki.'),(712,'Emilio Estevez',NULL,'1962-05-12','American','https://www.instagram.com/emilio_estevez/','https://twitter.com/emilioestevez','Actor, director, and writer, known for his roles in films like \"The Breakfast Club\", \"St. Elmo\'s Fire\", and \"The Mighty Ducks\" series.'),(713,'Ernest Hemingway','Papa','1899-07-21','American','https://www.instagram.com/ernesthemingway/','https://twitter.com/hemingway','Novelist, short-story writer, and journalist, known for his distinctive writing style and for works like \"The Old Man and the Sea\" and \"A Farewell to Arms\".'),(714,'Fidel Castro','El Comandante','1926-08-13','Cuban','https://www.instagram.com/fidelcastro/','https://twitter.com/castro','Revolutionary and politician, leader of the Cuban Revolution and Prime Minister of Cuba from 1959 to 1976, and then President from 1976 to 2008.'),(715,'Florence Nightingale','The Lady with the Lamp','1820-05-12','British','https://www.instagram.com/florencenightingale/','https://twitter.com/fnightingale','Founder of modern nursing, known for her pioneering work during the Crimean War and her efforts to reform healthcare.'),(716,'Florence Welch','Flo','1986-08-28','British','https://www.instagram.com/florence/','https://twitter.com/flo_tweet','Singer, songwriter, and lead vocalist of the indie rock band Florence and the Machine, known for her powerful voice and eclectic style.'),(717,'Forest Whitaker',NULL,'1961-07-15','American','https://www.instagram.com/forestwhitaker/','https://twitter.com/forestwhitaker','Academy Award-winning actor, director, and producer, known for his roles in films like \"The Last King of Scotland\", \"Bird\", and \"The Butler\".'),(718,'Franklin D. Roosevelt','FDR','1882-01-30','American','https://www.instagram.com/fdr/','https://twitter.com/FDR','32nd President of the United States, known for his leadership during the Great Depression and World War II, and for his New Deal policies.'),(720,'George Clooney',NULL,'1961-05-06','American','https://www.instagram.com/georgeclooney/','https://twitter.com/georgeclooney','Actor, filmmaker, and philanthropist, known for his roles in films like \"Ocean\'s Eleven\", \"Up in the Air\", and \"Gravity\".'),(721,'George Orwell','Eric Blair','1903-06-25','British','https://www.instagram.com/georgeorwell/','https://twitter.com/georgeorwell','Novelist, essayist, and critic, best known for his dystopian novel \"1984\" and the allegorical novella \"Animal Farm\".'),(722,'Gisele Bundchen',NULL,'1980-07-20','Brazilian','https://www.instagram.com/gisele/','https://twitter.com/giseleofficial','Supermodel, actress, and environmental activist, one of the highest-paid models in the world and known for her work with various charitable organizations.'),(723,'Giuliana Rancic',NULL,'1974-08-17','Italian-American','https://www.instagram.com/giulianarancic/','https://twitter.com/giulianarancic','Television personality, entertainment reporter, and author, known for her appearances on E! News and for hosting \"Fashion Police\".'),(724,'Goldie Hawn',NULL,'1945-11-21','American','https://www.instagram.com/officialgoldiehawn/','https://twitter.com/goldiehawn','Actress, producer, and philanthropist, known for her roles in films like \"Cactus Flower\", \"Private Benjamin\", and \"The First Wives Club\".'),(725,'Grace Kelly','Princess Grace','1929-11-12','American','https://www.instagram.com/gracekelly/','https://twitter.com/gracekelly','Actress and Princess of Monaco, known for her roles in films like \"High Noon\", \"Dial M for Murder\", and \"Rear Window\".'),(726,'Haile Selassie','Ras Tafari','1892-07-23','Ethiopian','https://www.instagram.com/hailleselassie/','https://twitter.com/hailleselassie','Emperor of Ethiopia from 1930 to 1974, considered by the Rastafari movement to be the returned messiah and God incarnate.'),(727,'Helen Kardashian',NULL,NULL,'American','https://www.instagram.com/krisjenner/','https://twitter.com/krisjenner','Reality television personality, known for her appearances on \"Keeping Up with the Kardashians\" and for being the mother of Kim Kardashian.'),(728,'Henry Ford',NULL,'1863-07-30','American','https://www.instagram.com/ford/','https://twitter.com/ford','Founder of the Ford Motor Company and pioneer of the assembly line technique of mass production, revolutionizing the automobile industry.'),(729,'Hilary Duff',NULL,'1987-09-28','American','https://www.instagram.com/hilaryduff/','https://twitter.com/hilaryduff','Actress, singer, and author, known for her role as Lizzie McGuire in the Disney Channel series \"Lizzie McGuire\" and for her music career.'),(730,'Hilary Swank',NULL,'1974-07-30','American','https://www.instagram.com/hilaryswank/','https://twitter.com/hilaryswank','Actress and producer, known for her roles in films like \"Boys Don\'t Cry\", \"Million Dollar Baby\", and \"Conviction\".'),(732,'Holly Madison',NULL,'1979-12-23','American','https://www.instagram.com/hollymadison/','https://twitter.com/hollymadison','Television personality and model, known for her role in the reality television series \"The Girls Next Door\".'),(733,'Idina Menzel',NULL,'1971-05-30','American','https://www.instagram.com/idinamenzel/','https://twitter.com/idinamenzel','Actress, singer, and songwriter, known for her performances in Broadway musicals like \"Rent\" and \"Wicked\", and for voicing Elsa in Disney\'s \"Frozen\".'),(734,'Ingrid Bergman',NULL,'1915-08-29','Swedish','https://www.instagram.com/ingridbergman/','https://twitter.com/ingridbergman','Iconic actress, known for her performances in films like \"Casablanca\", \"Notorious\", and \"Gaslight\", winning three Academy Awards during her career.'),(735,'Isabella Rossellini',NULL,'1952-06-18','Italian','https://www.instagram.com/isabellarossellini/','https://twitter.com/isabellaross','Actress, filmmaker, and model, known for her roles in films like \"Blue Velvet\", \"Death Becomes Her\", and her collaboration with director David Lynch.'),(736,'Isla Fisher',NULL,'1976-02-03','Australian','https://www.instagram.com/islafisher/','https://twitter.com/islafisher__','Actress and author, known for her comedic roles in films like \"Wedding Crashers\", \"Confessions of a Shopaholic\", and \"Now You See Me\".'),(737,'J.K.Rowling','Joanne Rowling','1965-07-31','British','https://www.instagram.com/jkrowling/','https://twitter.com/jk_rowling','Author and philanthropist, best known for creating the Harry Potter fantasy series, which has become one of the best-selling book series in history.'),(738,'J.R.R. Tolkien',NULL,'1892-01-03','British','https://www.instagram.com/jrrtolkien/','https://twitter.com/jrrtolkien','Author, philologist, and academic, best known for his high-fantasy works \"The Hobbit\" and \"The Lord of the Rings\" trilogy.'),(739,'James Woods',NULL,'1947-04-18','American','https://www.instagram.com/realjameswoods/','https://twitter.com/realjameswoods','Actor and producer, known for his roles in films like \"Once Upon a Time in America\", \"Casino\", and \"Videodrome\".'),(740,'Jamie Campbell Bower',NULL,'1988-11-22','British','https://www.instagram.com/jamiebower/','https://twitter.com/jamiebower','Actor, singer, and model, known for his roles in the \"Twilight\" saga, \"Sweeney Todd\", and \"The Mortal Instruments\" series.'),(741,'Jamie Kennedy',NULL,'1970-05-25','American','https://www.instagram.com/thejamiekennedy/','https://twitter.com/jamiekennedy','Actor, comedian, and producer, known for his roles in films like \"Scream\", \"Malibu\'s Most Wanted\", and for his television show \"The Jamie Kennedy Experiment\".'),(742,'Jimmy Kimmel',NULL,'1967-11-13','American','https://www.instagram.com/jimmykimmel/','https://twitter.com/jimmykimmel','Television host, comedian, and writer, best known for hosting the late-night talk show \"Jimmy Kimmel Live!\" on ABC.'),(743,'Jimmy Wales',NULL,'1966-08-07','American','https://www.instagram.com/jimmywales/','https://twitter.com/jimmy_wales','Internet entrepreneur, co-founder of Wikipedia, and advocate for a free and open internet.'),(744,'John F. Kennedy','JFK','1917-05-29','American','https://www.instagram.com/johnfkennedy/','https://twitter.com/jfklibrary','35th President of the United States, known for his leadership during the Cuban Missile Crisis and his vision for the New Frontier.'),(745,'John Lennon',NULL,'1940-10-09','British','https://www.instagram.com/johnlennon/','https://twitter.com/johnlennon','Musician, singer, and songwriter, co-founder of the Beatles and one of the most influential figures in the history of popular music.'),(746,'John M Keynes',NULL,'1883-06-05','British','https://www.instagram.com/johnmaynardkeynes/','https://twitter.com/keynes','Economist whose ideas fundamentally changed the theory and practice of macroeconomics and the economic policies of governments.'),(747,'Jon Stewart',NULL,'1962-11-28','American','https://www.instagram.com/jonstewart/','https://twitter.com/jonstewartbooks','Comedian, writer, producer, director, political commentator, and television host, best known for hosting \"The Daily Show\" on Comedy Central.'),(749,'Julie Andrews',NULL,'1935-10-01','British','https://www.instagram.com/julieandrews/','https://twitter.com/julieandrews','Actress, singer, and author, known for her iconic roles in films like \"Mary Poppins\", \"The Sound of Music\", and \"Victor/Victoria\".'),(750,'Katherine Hepburn','Kate','1907-05-12','American','https://www.instagram.com/katherinehepburn/','https://twitter.com/kathepburn','Legendary actress, known for her fierce independence and unconventional personality, and winner of four Academy Awards for Best Actress.'),(751,'Kendall Kardashian',NULL,'1995-11-03','American','https://www.instagram.com/kendalljenner/','https://twitter.com/kendalljenner','Fashion model and television personality, known for her appearances on the reality television show \"Keeping Up with the Kardashians\".');
/*!40000 ALTER TABLE `creators` ENABLE KEYS */;
UNLOCK TABLES;

--
-- Table structure for table `log`
--

DROP TABLE IF EXISTS `log`;
/*!40101 SET @saved_cs_client     = @@character_set_client */;
/*!50503 SET character_set_client = utf8mb4 */;
CREATE TABLE `log` (
  `log_id` int(11) NOT NULL AUTO_INCREMENT,
  `user_id` int(11) NOT NULL,
  `action` varchar(45) CHARACTER SET utf8mb4 COLLATE utf8mb4_bin NOT NULL,
  `timestamp` datetime NOT NULL,
  `video_id` int(11) DEFAULT NULL,
  PRIMARY KEY (`log_id`),
  KEY `fk_log_user_id` (`user_id`),
  KEY `fk_log_video_id` (`video_id`),
  CONSTRAINT `fk_log_user_id` FOREIGN KEY (`user_id`) REFERENCES `users` (`id`),
  CONSTRAINT `fk_log_video_id` FOREIGN KEY (`video_id`) REFERENCES `videos` (`video_id`)
) ENGINE=InnoDB AUTO_INCREMENT=3552 DEFAULT CHARSET=utf8mb4 COLLATE=utf8mb4_unicode_ci;
/*!40101 SET character_set_client = @saved_cs_client */;

--
-- Dumping data for table `log`
--

LOCK TABLES `log` WRITE;
/*!40000 ALTER TABLE `log` DISABLE KEYS */;
INSERT INTO `log` VALUES (3281,19,'Login','2024-05-15 11:59:21',NULL),(3283,19,'Uploaded video','2024-05-15 19:08:56',1293),(3284,19,'View','2024-05-15 19:13:51',1293),(3285,19,'View','2024-05-15 19:13:56',1293),(3286,19,'View','2024-05-15 19:14:33',1293),(3287,19,'View','2024-05-15 19:15:58',1293),(3288,19,'View','2024-05-15 19:16:00',1293),(3289,19,'View','2024-05-15 19:16:02',1293),(3290,19,'View','2024-05-15 19:16:16',1293),(3291,19,'View','2024-05-15 19:16:46',1293),(3292,19,'View','2024-05-15 19:24:46',1293),(3293,19,'View','2024-05-15 19:25:39',1293),(3294,19,'Uploaded video','2024-05-15 19:27:48',1294),(3295,19,'View','2024-05-15 19:27:50',1294),(3296,19,'Uploaded video','2024-05-15 19:29:56',1295),(3297,19,'View','2024-05-15 19:32:52',1295),(3298,19,'Uploaded video','2024-05-15 19:34:58',1296),(3299,19,'Uploaded video','2024-05-15 19:35:57',1297),(3300,19,'Uploaded video','2024-05-15 19:37:38',1298),(3301,19,'Uploaded video','2024-05-15 19:38:41',1299),(3302,19,'Uploaded video','2024-05-15 19:40:22',1300),(3303,19,'View','2024-05-15 19:40:27',1300),(3304,19,'Uploaded video','2024-05-15 19:41:42',1301),(3305,19,'Uploaded video','2024-05-15 19:42:04',1302),(3306,19,'Uploaded video','2024-05-15 19:42:56',1303),(3307,19,'Uploaded video','2024-05-15 19:43:28',1304),(3308,19,'Uploaded video','2024-05-15 19:44:11',1305),(3309,19,'Uploaded video','2024-05-15 19:44:57',1306),(3310,19,'Uploaded video','2024-05-15 19:45:15',1307),(3311,19,'Uploaded video','2024-05-15 19:45:41',1308),(3312,19,'Uploaded video','2024-05-15 19:46:31',1309),(3313,19,'Uploaded video','2024-05-15 19:46:54',1310),(3314,19,'Uploaded video','2024-05-15 19:47:32',1311),(3315,19,'Uploaded video','2024-05-15 19:47:55',1312),(3316,19,'Uploaded video','2024-05-15 19:48:18',1313),(3317,19,'Uploaded video','2024-05-15 19:49:11',1314),(3318,19,'Uploaded video','2024-05-15 19:49:38',1315),(3319,19,'Uploaded video','2024-05-15 19:50:04',1316),(3320,19,'Uploaded video','2024-05-15 19:50:30',1317),(3321,19,'Uploaded video','2024-05-15 19:50:47',1318),(3322,19,'Uploaded video','2024-05-15 19:51:11',1319),(3323,19,'Uploaded video','2024-05-15 19:51:34',1320),(3324,19,'Uploaded video','2024-05-15 19:52:01',1321),(3325,19,'Uploaded video','2024-05-15 19:54:00',1322),(3326,19,'Uploaded video','2024-05-15 19:54:32',1323),(3327,19,'Uploaded video','2024-05-15 19:54:56',1324),(3328,19,'Uploaded video','2024-05-15 19:55:18',1325),(3329,19,'Uploaded video','2024-05-15 19:55:52',1326),(3330,19,'Uploaded video','2024-05-15 19:56:12',1327),(3331,19,'Uploaded video','2024-05-15 19:56:34',1328),(3332,19,'Uploaded video','2024-05-15 19:56:55',1329),(3333,19,'Uploaded video','2024-05-15 19:57:19',1330),(3334,19,'Uploaded video','2024-05-15 19:57:42',1331),(3335,19,'Uploaded video','2024-05-15 19:58:16',1332),(3336,19,'Uploaded video','2024-05-15 19:58:43',1333),(3337,19,'Login','2024-05-15 19:59:52',NULL),(3338,19,'Uploaded video','2024-05-15 20:02:19',1334),(3339,19,'Uploaded video','2024-05-15 20:02:44',1335),(3340,19,'Uploaded video','2024-05-15 20:03:09',1336),(3341,19,'Uploaded video','2024-05-15 20:03:41',1337),(3342,19,'Uploaded video','2024-05-15 20:04:36',1338),(3343,19,'Uploaded video','2024-05-15 20:05:13',1339),(3344,19,'Uploaded video','2024-05-15 20:05:34',1340),(3345,19,'Uploaded video','2024-05-15 20:06:09',1341),(3346,19,'Uploaded video','2024-05-15 20:06:32',1342),(3347,19,'Uploaded video','2024-05-15 20:06:56',1343),(3348,19,'Uploaded video','2024-05-15 20:07:22',1344),(3349,19,'Uploaded video','2024-05-15 20:07:39',1345),(3350,19,'Uploaded video','2024-05-15 20:07:58',1346),(3351,19,'Uploaded video','2024-05-15 20:08:26',1347),(3352,19,'Uploaded video','2024-05-15 20:08:47',1348),(3353,19,'Uploaded video','2024-05-15 20:09:07',1349),(3354,19,'Uploaded video','2024-05-15 20:09:32',1350),(3355,19,'Uploaded video','2024-05-15 20:09:50',1351),(3356,19,'Uploaded video','2024-05-15 20:10:14',1352),(3357,19,'Uploaded video','2024-05-15 20:10:38',1353),(3358,19,'Uploaded video','2024-05-15 20:11:10',1354),(3359,19,'Uploaded video','2024-05-15 20:11:32',1355),(3360,19,'Uploaded video','2024-05-15 20:11:52',1356),(3361,19,'Uploaded video','2024-05-15 20:12:15',1357),(3363,19,'Uploaded video','2024-05-15 20:13:26',1359),(3364,19,'Uploaded video','2024-05-15 20:14:08',1360),(3365,19,'Uploaded video','2024-05-15 20:14:30',1361),(3366,19,'Uploaded video','2024-05-15 20:14:54',1362),(3367,19,'Uploaded video','2024-05-15 20:15:31',1363),(3368,19,'Uploaded video','2024-05-15 20:16:03',1364),(3369,19,'Uploaded video','2024-05-15 20:16:21',1365),(3370,19,'Uploaded video','2024-05-15 20:16:41',1366),(3371,19,'Uploaded video','2024-05-15 20:17:05',1367),(3372,19,'Uploaded video','2024-05-15 20:17:32',1368),(3373,19,'Uploaded video','2024-05-15 20:17:57',1369),(3374,19,'Uploaded video','2024-05-15 20:18:22',1370),(3375,19,'Uploaded video','2024-05-15 20:18:49',1371),(3376,19,'Uploaded video','2024-05-15 20:19:13',1372),(3377,19,'Uploaded video','2024-05-15 20:19:32',1373),(3378,19,'Uploaded video','2024-05-15 20:19:53',1374),(3379,19,'Uploaded video','2024-05-15 20:20:11',1375),(3380,19,'Uploaded video','2024-05-15 20:20:34',1376),(3381,19,'Uploaded video','2024-05-15 20:20:53',1377),(3382,19,'Uploaded video','2024-05-15 20:21:10',1378),(3383,19,'Uploaded video','2024-05-15 20:21:28',1379),(3384,19,'Uploaded video','2024-05-15 20:21:47',1380),(3385,19,'Uploaded video','2024-05-15 20:22:09',1381),(3386,19,'Uploaded video','2024-05-15 20:22:40',1382),(3387,19,'Uploaded video','2024-05-15 20:23:16',1383),(3388,19,'Uploaded video','2024-05-15 20:23:44',1384),(3389,19,'Uploaded video','2024-05-15 20:24:14',1385),(3390,19,'Uploaded video','2024-05-15 20:24:33',1386),(3391,19,'Uploaded video','2024-05-15 20:24:54',1387),(3392,19,'Uploaded video','2024-05-15 20:25:18',1388),(3393,19,'Uploaded video','2024-05-15 20:26:06',1389),(3394,19,'Uploaded video','2024-05-15 20:26:45',1390),(3395,19,'Uploaded video','2024-05-15 20:27:03',1391),(3396,19,'Uploaded video','2024-05-15 20:27:20',1392),(3397,19,'View','2024-05-15 20:42:09',1322),(3398,19,'View','2024-05-15 21:03:27',1355),(3399,19,'View','2024-05-15 21:23:04',1361),(3400,19,'View','2024-05-15 21:23:05',1360),(3401,19,'View','2024-05-15 21:23:06',1301),(3402,19,'View','2024-05-15 21:25:25',1390),(3403,19,'View','2024-05-15 21:25:55',1390),(3404,19,'View','2024-05-15 21:30:00',1305),(3405,19,'Removed tag','2024-05-15 21:34:57',1305),(3406,19,'View','2024-05-15 21:35:00',1305),(3407,19,'View','2024-05-15 21:35:04',1305),(3408,19,'Added tag','2024-05-15 21:35:08',1305),(3409,19,'View','2024-05-15 21:35:11',1305),(3410,19,'View','2024-05-15 21:36:22',1305),(3411,19,'View','2024-05-15 21:37:07',1305),(3412,19,'View','2024-05-15 21:37:37',1305),(3413,19,'View','2024-05-15 21:37:54',1305),(3414,19,'View','2024-05-15 21:39:36',1305),(3415,19,'View','2024-05-15 21:40:08',1305),(3416,19,'View','2024-05-15 21:40:20',1305),(3417,19,'View','2024-05-15 21:40:36',1305),(3418,19,'View','2024-05-15 21:41:21',1341),(3419,19,'View','2024-05-15 21:44:15',1392),(3420,19,'View','2024-05-15 21:44:21',1392),(3421,19,'View','2024-05-15 21:45:57',1392),(3422,19,'Score','2024-05-15 21:45:59',1392),(3423,19,'Logged out','2024-05-15 22:07:46',NULL),(3424,20,'Login','2024-05-15 22:07:58',NULL),(3425,20,'Logged out','2024-05-15 22:10:10',NULL),(3426,20,'Login','2024-05-15 22:12:23',NULL),(3427,20,'View','2024-05-15 22:13:29',1391),(3428,20,'View','2024-05-15 22:13:43',1391),(3429,20,'Report','2024-05-15 22:13:54',1391),(3430,20,'Logged out','2024-05-15 22:14:10',NULL),(3431,19,'Login','2024-05-15 22:14:14',NULL),(3432,19,'Logged out','2024-05-15 22:27:07',NULL),(3433,19,'Login','2024-05-15 22:27:11',NULL),(3434,19,'View','2024-05-15 22:30:43',1381),(3435,19,'View','2024-05-15 22:30:45',1380),(3436,19,'View','2024-05-15 22:30:46',1385),(3437,19,'View','2024-05-15 22:30:49',1379),(3438,19,'View','2024-05-15 22:30:51',1363),(3439,19,'Logged out','2024-05-15 22:31:07',NULL),(3440,19,'Login','2024-05-15 22:31:35',NULL),(3441,19,'View','2024-05-15 22:32:32',1293),(3442,19,'View','2024-05-15 22:32:33',1326),(3443,19,'View','2024-05-15 22:32:48',1326),(3444,19,'View','2024-05-15 22:33:10',1319),(3445,19,'View','2024-05-15 22:33:25',1347),(3446,19,'View','2024-05-15 22:33:26',1391),(3447,19,'View','2024-05-15 22:33:27',1379),(3448,19,'View','2024-05-15 22:33:28',1301),(3449,19,'View','2024-05-15 22:33:30',1337),(3450,19,'View','2024-05-15 22:33:31',1343),(3451,19,'View','2024-05-15 22:37:21',1391),(3452,19,'View','2024-05-15 22:37:32',1391),(3453,19,'View','2024-05-15 22:37:42',1391),(3454,19,'View','2024-05-15 22:37:54',1391),(3455,19,'View','2024-05-15 22:38:01',1391),(3456,19,'View','2024-05-15 22:38:13',1337),(3457,19,'Logged out','2024-05-15 22:39:17',NULL),(3458,19,'Login','2024-05-15 22:45:12',NULL),(3459,19,'Logged out','2024-05-15 22:45:15',NULL),(3460,19,'Login','2024-05-15 22:56:36',NULL),(3461,19,'View','2024-05-15 22:58:25',1390),(3462,19,'View','2024-05-15 22:59:23',1390),(3463,19,'View','2024-05-15 22:59:24',1390),(3464,19,'View','2024-05-15 22:59:25',1390),(3465,19,'Removed tag','2024-05-15 23:00:08',1390),(3466,19,'View','2024-05-15 23:01:40',1353),(3467,19,'View','2024-05-15 23:01:44',1377),(3468,19,'View','2024-05-15 23:01:46',1307),(3469,19,'View','2024-05-15 23:01:47',1383),(3470,19,'View','2024-05-15 23:01:48',1337),(3471,19,'View','2024-05-15 23:05:40',1308),(3472,19,'View','2024-05-15 23:06:06',1341),(3473,19,'View','2024-05-15 23:10:02',1296),(3474,19,'View','2024-05-15 23:10:02',1392),(3475,19,'View','2024-05-15 23:10:03',1313),(3476,19,'View','2024-05-15 23:10:06',1313),(3477,19,'View','2024-05-15 23:10:32',1360),(3478,19,'View','2024-05-15 23:10:54',1363),(3479,19,'View','2024-05-15 23:12:19',1356),(3480,19,'View','2024-05-15 23:12:47',1344),(3481,19,'View','2024-05-15 23:13:01',1331),(3482,19,'View','2024-05-15 23:19:17',1387),(3483,19,'Login','2024-05-16 11:05:30',NULL),(3484,19,'Logged out','2024-05-16 11:06:22',NULL),(3485,19,'Login','2024-05-16 11:13:53',NULL),(3486,19,'View','2024-05-16 11:15:06',1392),(3487,19,'View','2024-05-16 11:15:21',1353),(3488,19,'View','2024-05-16 11:16:02',1392),(3489,19,'View','2024-05-16 11:16:06',1379),(3490,19,'View','2024-05-16 11:16:07',1343),(3491,19,'View','2024-05-16 11:17:05',1320),(3492,19,'View','2024-05-16 11:17:54',1383),(3493,19,'View','2024-05-16 11:18:08',1294),(3494,19,'View','2024-05-16 11:18:09',1296),(3495,19,'View','2024-05-16 11:18:10',1320),(3496,19,'View','2024-05-16 11:18:16',1313),(3497,19,'View','2024-05-16 11:18:38',1363),(3498,19,'View','2024-05-16 11:18:42',1294),(3499,19,'View','2024-05-16 11:19:01',1392),(3500,19,'View','2024-05-16 11:19:36',1383),(3501,19,'View','2024-05-16 11:19:44',1310),(3502,19,'View','2024-05-16 11:19:54',1360),(3503,19,'View','2024-05-16 11:19:59',1301),(3504,19,'View','2024-05-16 11:20:14',1381),(3505,19,'View','2024-05-16 11:20:15',1314),(3506,19,'View','2024-05-16 11:20:25',1347),(3507,19,'View','2024-05-16 11:20:26',1377),(3508,19,'View','2024-05-16 11:20:32',1337),(3509,19,'View','2024-05-16 11:20:33',1337),(3510,19,'View','2024-05-16 11:20:41',1320),(3511,19,'View','2024-05-16 11:20:42',1379),(3512,19,'View','2024-05-16 11:20:58',1363),(3513,19,'View','2024-05-16 11:21:13',1322),(3514,19,'View','2024-05-16 11:21:27',1296),(3515,19,'View','2024-05-16 11:21:45',1320),(3516,19,'View','2024-05-16 11:21:58',1363),(3517,19,'View','2024-05-16 11:22:06',1392),(3518,19,'View','2024-05-16 11:26:58',1391),(3519,19,'View','2024-05-16 11:27:18',1391),(3520,19,'View','2024-05-16 11:27:36',1337),(3521,19,'View','2024-05-16 11:27:41',1333),(3522,19,'View','2024-05-16 11:27:44',1313),(3523,19,'View','2024-05-16 11:28:15',1392),(3524,19,'View','2024-05-16 11:29:00',1337),(3525,19,'View','2024-05-16 11:29:03',1367),(3526,19,'View','2024-05-16 12:02:43',1377),(3527,19,'View','2024-05-16 12:02:48',1343),(3528,19,'View','2024-05-16 12:02:49',1383),(3529,19,'View','2024-05-16 12:03:02',1313),(3530,19,'View','2024-05-16 12:03:09',1320),(3531,19,'View','2024-05-16 12:03:10',1353),(3532,19,'View','2024-05-16 12:03:17',1333),(3533,19,'View','2024-05-16 12:03:19',1367),(3534,19,'View','2024-05-16 12:03:20',1367),(3535,19,'View','2024-05-16 12:03:21',1375),(3536,19,'View','2024-05-16 12:03:29',1391),(3537,19,'View','2024-05-16 12:03:30',1367),(3538,19,'Logged out','2024-05-16 12:05:14',NULL),(3539,19,'Login','2024-05-16 12:08:09',NULL),(3540,19,'Logged out','2024-05-16 12:13:06',NULL),(3541,19,'Login','2024-05-16 14:44:30',NULL),(3542,19,'View','2024-05-16 14:46:24',1390),(3544,19,'View','2024-05-16 16:44:02',1392),(3545,19,'View','2024-05-16 16:44:39',1379),(3546,19,'View','2024-05-16 17:40:09',1310),(3547,19,'Score','2024-05-16 17:40:13',1310),(3548,19,'View','2024-05-16 17:41:02',1381),(3549,19,'View','2024-05-16 17:45:04',1356),(3550,19,'Logged out','2024-05-16 17:46:02',NULL),(3551,19,'Login','2024-05-16 17:47:05',NULL);
/*!40000 ALTER TABLE `log` ENABLE KEYS */;
UNLOCK TABLES;

--
-- Table structure for table `reports`
--

DROP TABLE IF EXISTS `reports`;
/*!40101 SET @saved_cs_client     = @@character_set_client */;
/*!50503 SET character_set_client = utf8mb4 */;
CREATE TABLE `reports` (
  `report_id` int(11) NOT NULL AUTO_INCREMENT,
  `video_id` int(11) NOT NULL,
  `reason` varchar(30) CHARACTER SET utf8mb4 COLLATE utf8mb4_bin NOT NULL,
  `comment` varchar(255) CHARACTER SET utf8mb4 COLLATE utf8mb4_bin DEFAULT NULL,
  `creation` datetime DEFAULT NULL,
  `status` varchar(20) CHARACTER SET utf8mb4 COLLATE utf8mb4_bin DEFAULT NULL,
  PRIMARY KEY (`report_id`),
  KEY `fkey_video_id` (`video_id`),
  CONSTRAINT `fkey_video_id` FOREIGN KEY (`video_id`) REFERENCES `videos` (`video_id`)
) ENGINE=InnoDB AUTO_INCREMENT=144 DEFAULT CHARSET=utf8mb4 COLLATE=utf8mb4_unicode_ci;
/*!40101 SET character_set_client = @saved_cs_client */;

--
-- Dumping data for table `reports`
--

LOCK TABLES `reports` WRITE;
/*!40000 ALTER TABLE `reports` DISABLE KEYS */;
INSERT INTO `reports` VALUES (143,1391,'Copyright infringement','it\'s mine!','2024-05-15 22:13:54','pending');
/*!40000 ALTER TABLE `reports` ENABLE KEYS */;
UNLOCK TABLES;

--
-- Table structure for table `tags`
--

DROP TABLE IF EXISTS `tags`;
/*!40101 SET @saved_cs_client     = @@character_set_client */;
/*!50503 SET character_set_client = utf8mb4 */;
CREATE TABLE `tags` (
  `tag_id` int(11) NOT NULL AUTO_INCREMENT,
  `tag_name` varchar(50) CHARACTER SET utf8mb4 COLLATE utf8mb4_bin DEFAULT NULL,
  `weight` int(11) DEFAULT NULL,
  `description` varchar(255) CHARACTER SET utf8mb4 COLLATE utf8mb4_bin DEFAULT NULL,
  `date_added` datetime DEFAULT NULL,
  PRIMARY KEY (`tag_id`),
  UNIQUE KEY `tag_id` (`tag_id`)
) ENGINE=InnoDB AUTO_INCREMENT=293 DEFAULT CHARSET=utf8mb4 COLLATE=utf8mb4_unicode_ci;
/*!40101 SET character_set_client = @saved_cs_client */;

--
-- Dumping data for table `tags`
--

LOCK TABLES `tags` WRITE;
/*!40000 ALTER TABLE `tags` DISABLE KEYS */;
INSERT INTO `tags` VALUES (1,'short video',5,'videos shorter than 30 seconds.','2024-05-15 18:48:00'),(127,'vertical recording',7,'videos with a vertical aspect ratio.','2024-05-15 18:48:00'),(172,'adventure',3,'Videos about adventurous activities and travel.','2024-03-12 21:58:17'),(173,'animals',8,'Content featuring animals, pets, and wildlife.','2024-03-07 15:38:06'),(174,'art',1,'Creative and artistic videos, including painting and drawing.','2024-02-10 09:19:22'),(175,'asmr',0,'ASMR videos to help viewers relax and sleep.','2024-03-17 14:25:13'),(176,'beauty',8,'Beauty tips, makeup tutorials, and skincare routines.','2024-01-26 08:04:49'),(177,'blogs',6,'Personal blogs and vlogs about daily life and experiences.','2024-03-07 22:44:49'),(178,'books',8,'Book reviews, recommendations, and literary discussions.','2024-04-09 09:28:08'),(179,'business',3,'Videos about business strategies, entrepreneurship, and finance.','2024-04-06 16:11:22'),(180,'camping',6,'Content related to camping tips, gear reviews, and outdoor adventures.','2023-12-29 05:23:00'),(181,'challenges',9,'Fun and entertaining challenge videos.','2024-03-25 06:34:51'),(182,'charity',7,'Videos promoting charitable causes and events.','2024-03-12 18:35:09'),(183,'comedy',7,'Funny videos, skits, and stand-up comedy performances.','2024-01-27 11:54:26'),(184,'cooking',7,'Recipes, cooking tutorials, and food-related content.','2024-01-11 10:57:50'),(185,'crafts',1,'DIY crafts and creative project tutorials.','2023-12-23 06:08:59'),(186,'cryptocurrency',9,'Information and news about cryptocurrencies and blockchain technology.','2024-01-15 17:10:14'),(187,'dance',6,'Dance routines, choreography, and performances.','2024-01-24 10:53:52'),(188,'design',8,'Videos about graphic design, interior design, and other design fields.','2024-04-10 08:31:28'),(189,'diy',4,'Do-it-yourself project tutorials and tips.','2024-01-19 11:53:09'),(190,'education',1,'Educational content across various subjects and fields.','2024-03-30 10:06:42'),(191,'entertainment',10,'General entertainment videos, including celebrity news and pop culture.','2024-04-10 03:09:05'),(192,'environment',0,'Content focused on environmental issues and sustainability.','2024-01-31 07:52:28'),(193,'family',8,'Family-friendly videos and content about family life.','2024-03-13 08:15:16'),(194,'fashion',3,'Fashion tips, clothing hauls, and style advice.','2024-02-04 23:57:53'),(195,'fitness',1,'Fitness routines, workout tips, and health advice.','2024-02-14 22:02:36'),(196,'food',0,'Food reviews, cooking tutorials, and culinary experiences.','2024-03-22 16:08:35'),(197,'gaming',9,'Video game playthroughs, reviews, and gaming news.','2024-03-21 22:19:53'),(198,'gardening',5,'Gardening tips, plant care, and outdoor projects.','2024-04-11 23:00:40'),(199,'goals',4,'Motivational content about setting and achieving goals.','2024-01-20 12:13:43'),(200,'health',1,'Health tips, wellness advice, and medical information.','2024-04-04 07:14:49'),(201,'history',0,'Historical documentaries, discussions, and educational content.','2024-03-01 22:38:09'),(202,'hobbies',10,'Videos about various hobbies and pastimes.','2024-04-06 17:51:34'),(203,'home',8,'Home improvement tips, decor ideas, and organization hacks.','2024-04-10 08:36:36'),(204,'howto',6,'How-to videos and tutorials on a wide range of topics.','2024-04-01 02:51:22'),(205,'inspiration',8,'Inspirational stories and motivational content.','2024-01-05 22:46:45'),(206,'interviews',6,'Interviews with interesting and influential people.','2024-02-07 03:06:09'),(207,'investment',4,'Investment tips, strategies, and financial advice.','2024-03-23 03:56:12'),(208,'kids',8,'Videos aimed at children, including educational content and entertainment.','2024-02-08 09:52:38'),(209,'lifestyle',10,'Lifestyle tips, routines, and personal experiences.','2024-01-22 09:14:14'),(210,'literature',8,'Literary discussions, book reviews, and author interviews.','2024-04-01 16:37:01'),(211,'live',1,'Live streaming videos and events.','2023-12-26 11:35:11'),(212,'makeup',0,'Makeup tutorials, product reviews, and beauty tips.','2024-03-18 00:35:34'),(213,'marketing',9,'Marketing strategies, tips, and industry news.','2024-03-21 15:59:07'),(214,'meditation',5,'Guided meditations and mindfulness practices.','2024-01-17 18:23:21'),(215,'memes',8,'Humorous meme videos and internet culture content.','2023-12-21 11:31:49'),(216,'mental health',10,'Content focused on mental health awareness and support.','2024-02-16 03:34:28'),(217,'motivation',8,'Motivational videos to inspire and encourage viewers.','2024-01-27 21:08:38'),(218,'movies',4,'Movie reviews, trailers, and film-related content.','2024-01-05 11:33:48'),(219,'music',5,'Music videos, performances, and artist interviews.','2023-12-28 05:24:47'),(220,'nature',10,'Videos showcasing natural landscapes and wildlife.','2024-02-10 22:46:53'),(221,'news',5,'Current events and news-related content.','2023-12-21 08:07:47'),(222,'nutrition',8,'Tips and advice on healthy eating and nutrition.','2024-03-10 17:26:06'),(223,'outdoors',2,'Outdoor adventures, tips, and activities.','2023-12-20 07:05:53'),(224,'parenting',5,'Advice and tips for parents and caregivers.','2024-02-04 19:57:02'),(225,'pets',6,'Content featuring pets and pet care tips.','2024-03-07 10:10:58'),(226,'photography',7,'Photography tips, tutorials, and showcases.','2024-01-04 22:55:04'),(227,'podcasts',10,'Recorded podcast episodes and related content.','2023-12-28 04:47:46'),(228,'politics',8,'Political discussions, news, and analysis.','2024-02-15 04:51:59'),(229,'productivity',2,'Productivity tips and life hacks.','2024-03-11 09:17:56'),(230,'recipes',9,'Cooking recipes and culinary tips.','2023-12-17 21:52:58'),(231,'reviews',6,'Product reviews and unboxing videos.','2023-12-15 14:05:14'),(232,'science',1,'Scientific discussions, experiments, and news.','2024-03-30 21:42:40'),(233,'selfcare',9,'Self-care routines and wellness tips.','2024-02-27 13:43:53'),(234,'skincare',5,'Skincare routines and product recommendations.','2024-03-12 20:29:59'),(235,'sports',1,'Sports news, highlights, and analysis.','2024-01-25 09:54:49'),(236,'storytime',4,'Storytelling videos and personal anecdotes.','2024-04-02 03:51:47'),(237,'style',3,'Fashion and style tips and trends.','2024-04-08 03:10:42'),(238,'technology',8,'Tech reviews, news, and tutorials.','2024-03-31 00:37:14'),(239,'travel',1,'Travel vlogs, tips, and destination guides.','2024-01-06 00:11:14'),(240,'tutorial',4,'Step-by-step tutorials for various skills and tasks.','2024-02-17 16:58:27'),(241,'vlogs',4,'Video blogs documenting daily life or experiences.','2024-02-08 16:49:31'),(242,'wellness',0,'Content promoting holistic health and well-being.','2024-04-03 02:54:47'),(243,'workout',3,'Workout routines and fitness challenges.','2023-12-19 17:55:33'),(244,'yoga',1,'Yoga practices and meditation techniques.','2024-02-28 03:22:27'),(272,'pizza',6,'A delicious snack.','2024-05-16 11:50:06'),(273,'shoes',2,'footwear','2024-05-16 11:50:36'),(274,'trees',2,'nature&#039;s most common group of plants. I think.','2024-05-16 11:50:54'),(275,'cars',6,'Vehicles used for travel.','2024-05-16 11:51:07'),(276,'cats',9,'cute animals.','2024-05-16 11:51:20'),(277,'dogs',7,'cute animals.','2024-05-16 11:51:32'),(278,'cows',5,'just cows','2024-05-16 11:51:43'),(279,'duck',8,'bird-like aquatic creature.','2024-05-16 11:52:00'),(280,'mechanic',5,'People who fix cars.','2024-05-16 11:52:12'),(281,'bikes',1,'vehicles for travel.','2024-05-16 11:54:45'),(282,'construction',5,'Building things.','2024-05-16 11:54:56'),(283,'snow',5,'A type of weather.','2024-05-16 11:55:06'),(284,'snowboarding',4,'A wintersport.','2024-05-16 11:55:18'),(285,'space',9,'everything outside of the earth.','2024-05-16 11:55:34'),(286,'doormats',1,'','2024-05-16 11:59:05'),(287,'doors',2,'Entries or exits.','2024-05-16 11:59:22'),(288,'milky way',8,'','2024-05-16 11:59:32'),(289,'oak',4,'A type of tree.','2024-05-16 11:59:43'),(290,'snacks',3,'a type of food','2024-05-16 11:59:54'),(291,'soda',5,'Drinkable beverage.','2024-05-16 12:00:09'),(292,'water',6,'A clear liquid.','2024-05-16 12:00:24');
/*!40000 ALTER TABLE `tags` ENABLE KEYS */;
UNLOCK TABLES;

--
-- Table structure for table `userfavoritecreators`
--

DROP TABLE IF EXISTS `userfavoritecreators`;
/*!40101 SET @saved_cs_client     = @@character_set_client */;
/*!50503 SET character_set_client = utf8mb4 */;
CREATE TABLE `userfavoritecreators` (
  `user_id` int(11) NOT NULL,
  `creator_id` int(11) NOT NULL,
  PRIMARY KEY (`user_id`,`creator_id`),
  KEY `performer_id` (`creator_id`),
  CONSTRAINT `userfavoritecreators_ibfk_2` FOREIGN KEY (`creator_id`) REFERENCES `creators` (`creator_id`)
) ENGINE=InnoDB DEFAULT CHARSET=utf8mb4 COLLATE=utf8mb4_general_ci;
/*!40101 SET character_set_client = @saved_cs_client */;

--
-- Dumping data for table `userfavoritecreators`
--

LOCK TABLES `userfavoritecreators` WRITE;
/*!40000 ALTER TABLE `userfavoritecreators` DISABLE KEYS */;
INSERT INTO `userfavoritecreators` VALUES (19,676);
/*!40000 ALTER TABLE `userfavoritecreators` ENABLE KEYS */;
UNLOCK TABLES;

--
-- Table structure for table `userfavoritevideos`
--

DROP TABLE IF EXISTS `userfavoritevideos`;
/*!40101 SET @saved_cs_client     = @@character_set_client */;
/*!50503 SET character_set_client = utf8mb4 */;
CREATE TABLE `userfavoritevideos` (
  `user_id` int(11) NOT NULL,
  `video_id` int(11) NOT NULL,
  PRIMARY KEY (`user_id`,`video_id`),
  KEY `video_id` (`video_id`),
  CONSTRAINT `userfavoritevideos_ibfk_1` FOREIGN KEY (`video_id`) REFERENCES `videos` (`video_id`),
  CONSTRAINT `userfavoritevideos_ibfk_2` FOREIGN KEY (`user_id`) REFERENCES `users` (`id`)
) ENGINE=InnoDB DEFAULT CHARSET=utf8mb4 COLLATE=utf8mb4_general_ci;
/*!40101 SET character_set_client = @saved_cs_client */;

--
-- Dumping data for table `userfavoritevideos`
--

LOCK TABLES `userfavoritevideos` WRITE;
/*!40000 ALTER TABLE `userfavoritevideos` DISABLE KEYS */;
INSERT INTO `userfavoritevideos` VALUES (19,1310),(19,1356),(19,1390),(19,1391),(20,1391);
/*!40000 ALTER TABLE `userfavoritevideos` ENABLE KEYS */;
UNLOCK TABLES;

--
-- Table structure for table `users`
--

DROP TABLE IF EXISTS `users`;
/*!40101 SET @saved_cs_client     = @@character_set_client */;
/*!50503 SET character_set_client = utf8mb4 */;
CREATE TABLE `users` (
  `id` int(11) NOT NULL AUTO_INCREMENT,
  `username` varchar(30) DEFAULT NULL,
  `password` varchar(255) DEFAULT NULL,
  `role` varchar(20) DEFAULT NULL,
  `creation` datetime DEFAULT NULL,
  `status` varchar(10) DEFAULT NULL,
  `last_added_score` datetime DEFAULT NULL,
  PRIMARY KEY (`id`)
) ENGINE=InnoDB AUTO_INCREMENT=24 DEFAULT CHARSET=utf8mb4 COLLATE=utf8mb4_bin;
/*!40101 SET character_set_client = @saved_cs_client */;

--
-- Dumping data for table `users`
--

LOCK TABLES `users` WRITE;
/*!40000 ALTER TABLE `users` DISABLE KEYS */;
INSERT INTO `users` VALUES (19,'greg','$2y$10$L1UE3FuJhwVlJieDN1wbzOm7uqNwd5e1bCKsVv1/b.TjBWxghs41G','admin','2024-05-15 11:59:05','active','2024-05-16 17:40:13'),(20,'testuser','$2y$10$Hr3d3ZYq2mPnGcOzB3gHBOe8WtUiGRPmPG74.hMct1UP6yPUXEHfG','user','2024-05-15 22:07:54','active',NULL),(21,'hessel','$2y$10$1.Xee6UYGzjE3oU4c3RujevjPnB8jwyDyQNJQwX4UvgB.DQ4ZSzXO','admin','2024-05-16 12:06:44','active',NULL),(22,'dylan','$2y$10$mcVbsGTjJ94gicCwST8qTuH37DNtzq3zXX6bJQf/rn18GECucW1AK','admin','2024-05-16 12:06:51','active',NULL),(23,'zoe','$2y$10$JaUZaHQMULi1bTIFRyyeUuEKiC/E6C7/oCop9UEcSyzikz9EAIF22','admin','2024-05-16 12:06:56','active',NULL);
/*!40000 ALTER TABLE `users` ENABLE KEYS */;
UNLOCK TABLES;

--
-- Table structure for table `videocreators`
--

DROP TABLE IF EXISTS `videocreators`;
/*!40101 SET @saved_cs_client     = @@character_set_client */;
/*!50503 SET character_set_client = utf8mb4 */;
CREATE TABLE `videocreators` (
  `video_id` int(11) NOT NULL,
  `creator_id` int(11) NOT NULL,
  PRIMARY KEY (`video_id`,`creator_id`),
  KEY `videoperformers_ibfk_2` (`creator_id`),
  CONSTRAINT `videocreators_ibfk_1` FOREIGN KEY (`video_id`) REFERENCES `videos` (`video_id`)
) ENGINE=InnoDB DEFAULT CHARSET=utf8mb4 COLLATE=utf8mb4_bin;
/*!40101 SET character_set_client = @saved_cs_client */;

--
-- Dumping data for table `videocreators`
--

LOCK TABLES `videocreators` WRITE;
/*!40000 ALTER TABLE `videocreators` DISABLE KEYS */;
INSERT INTO `videocreators` VALUES (1293,662),(1294,663),(1295,666),(1296,667),(1297,668),(1298,669),(1299,670),(1300,671),(1301,672),(1302,673),(1303,674),(1304,675),(1305,676),(1306,677),(1307,678),(1308,678),(1309,679),(1310,680),(1311,681),(1312,682),(1313,683),(1314,684),(1315,685),(1316,686),(1317,686),(1318,687),(1319,688),(1320,689),(1321,690),(1322,0),(1323,692),(1324,693),(1325,694),(1326,695),(1327,695),(1328,696),(1329,697),(1330,698),(1331,699),(1332,700),(1333,700),(1334,0),(1335,0),(1336,701),(1337,702),(1338,704),(1339,705),(1340,705),(1341,706),(1342,707),(1343,707),(1344,708),(1345,709),(1346,710),(1347,711),(1348,712),(1349,713),(1350,714),(1351,715),(1352,716),(1353,717),(1354,718),(1355,730),(1355,732),(1356,720),(1357,721),(1359,723),(1360,724),(1361,725),(1362,726),(1363,725),(1364,726),(1365,727),(1366,728),(1367,729),(1368,730),(1369,730),(1370,732),(1371,733),(1372,733),(1373,734),(1374,734),(1375,735),(1376,736),(1377,737),(1378,738),(1379,739),(1380,740),(1381,741),(1382,742),(1383,743),(1384,744),(1385,745),(1386,746),(1387,747),(1388,749),(1389,747),(1390,749),(1391,750),(1392,751);
/*!40000 ALTER TABLE `videocreators` ENABLE KEYS */;
UNLOCK TABLES;

--
-- Table structure for table `videos`
--

DROP TABLE IF EXISTS `videos`;
/*!40101 SET @saved_cs_client     = @@character_set_client */;
/*!50503 SET character_set_client = utf8mb4 */;
CREATE TABLE `videos` (
  `video_id` int(11) NOT NULL AUTO_INCREMENT,
  `filename` varchar(32) CHARACTER SET utf8mb4 COLLATE utf8mb4_bin NOT NULL,
  `date_added` datetime DEFAULT NULL,
  `score` int(11) DEFAULT NULL,
  `extension` varchar(5) CHARACTER SET utf8mb4 COLLATE utf8mb4_bin DEFAULT NULL,
  `description` varchar(1000) CHARACTER SET utf8mb4 COLLATE utf8mb4_bin DEFAULT NULL,
  `views` int(11) DEFAULT NULL,
  `title` varchar(255) CHARACTER SET utf8mb4 COLLATE utf8mb4_bin DEFAULT NULL,
  `duration` varchar(8) CHARACTER SET utf8mb4 COLLATE utf8mb4_bin DEFAULT NULL,
  `filesize_kB` int(8) DEFAULT NULL,
  `uploaded_by` int(11) DEFAULT NULL,
  PRIMARY KEY (`video_id`),
  UNIQUE KEY `video_id` (`video_id`),
  UNIQUE KEY `filename` (`filename`),
  KEY `fk_user_id` (`uploaded_by`),
  CONSTRAINT `fk_user_id` FOREIGN KEY (`uploaded_by`) REFERENCES `users` (`id`)
) ENGINE=InnoDB AUTO_INCREMENT=1393 DEFAULT CHARSET=utf8mb4 COLLATE=utf8mb4_unicode_ci;
/*!40101 SET character_set_client = @saved_cs_client */;

--
-- Dumping data for table `videos`
--

LOCK TABLES `videos` WRITE;
/*!40000 ALTER TABLE `videos` DISABLE KEYS */;
INSERT INTO `videos` VALUES (1293,'104F11142BC7C439593D6D0698B8A68A','2024-05-15 19:08:55',0,'.mp4','These are some horses running around in a field.',11,'18422163-hd_1080_1920_60fps','00:00:10',6408,19),(1294,'4879CFE870F3DEE320BAF253AE212F6E','2024-05-15 19:27:48',0,'.mp4','Leaf in a glass.',3,'12173628-uhd_2160_3840_25fps','00:00:02',1735,19),(1295,'8AD1A60332F1691DDF8A01BBE8DF3D72','2024-05-15 19:29:56',0,'.mp4','where are they going?',1,'Boats on a lake','00:00:04',16460,19),(1296,'D5CB579156BE5F7020B9C7C8A2AE0427','2024-05-15 19:34:58',0,'.mp4','',3,'20179799-uhd_2160_3840_60fps','00:00:09',24214,19),(1297,'BF55DD0CAD5BA201B95311C4F10A166B','2024-05-15 19:35:57',0,'.mp4','',0,'19002091-uhd_3840_2160_30fps','00:00:19',22338,19),(1298,'7197E929129D94ECAC9AB1A6D408BABD','2024-05-15 19:37:38',0,'.mp4','???',0,'???18680290-hd_1920_1080_25fps','00:01:00',41132,19),(1299,'D12CA5296BDC1EDBDC0AAEAC7373C497','2024-05-15 19:38:41',0,'.mp4','',0,'19857889-hd_1920_1080_30fps','00:00:09',6498,19),(1300,'FD1E968543341F67844DB8B82E3DED13','2024-05-15 19:40:22',0,'.mp4','',1,'6942639-hd_1920_1080_25fps','00:00:10',5564,19),(1301,'D3C981AF809E75312724D2FE50693084','2024-05-15 19:41:42',0,'.mp4','TRAINS',3,'19122966-hd_1080_1920_30fps','00:00:18',12222,19),(1302,'5B1A3324177936DB087CB733108D52E8','2024-05-15 19:42:04',0,'.mp4','',0,'19089519-uhd_3840_2160_25fps','00:00:25',64822,19),(1303,'7E3C12F3002347280C47FB88DA1605C0','2024-05-15 19:42:56',0,'.mp4','',0,'12295953-uhd_3840_2160_60fps','00:00:15',48281,19),(1304,'ACF71E78D6C74330E824EE0874A55A0A','2024-05-15 19:43:28',0,'.mp4','',0,'15456435-uhd_3840_2160_30fps','00:00:13',42351,19),(1305,'8BC99D2ED52A1FCAADA3178A0F8CD80A','2024-05-15 19:44:11',0,'.mp4','',12,'20053504-hd_1920_1080_25fps','00:00:52',26706,19),(1306,'6ACC091B53A1A1B6D46E4553BA84686A','2024-05-15 19:44:57',0,'.mp4','',0,'20310320-uhd_3840_2160_50fps','00:00:11',23365,19),(1307,'961F58E978164D032DEB175651BEE711','2024-05-15 19:45:15',0,'.mp4','',1,'7332918-uhd_2160_3840_25fps','00:00:04',11397,19),(1308,'32A8888AC0652C914FDF1F7812600E07','2024-05-15 19:45:41',0,'.mp4','',1,'18084154-uhd_3840_2160_50fps','00:00:11',20924,19),(1309,'07AE8016D7515FBBCAF205332C3DB210','2024-05-15 19:46:31',0,'.mp4','',0,'5158727-hd_1920_1080_30fps','00:00:14',7793,19),(1310,'C19816527B7804694DD3394FCD718549','2024-05-15 19:46:54',1,'.mp4','',2,'18148735-uhd_2160_3840_30fps','00:00:14',34674,19),(1311,'86B74069F9CC0109E21DF334BC53BF9A','2024-05-15 19:47:32',0,'.mp4','',0,'19807833-uhd_3840_2160_25fps','00:00:33',95449,19),(1312,'898AE11A329D3EA5E04CCD8D59622340','2024-05-15 19:47:55',0,'.mp4','',0,'19063799-hd_1920_1080_30fps','00:00:16',9078,19),(1313,'45B46F38B3946CE9BB6EB69A02D9864D','2024-05-15 19:48:18',0,'.mp4','',5,'20468575-uhd_2160_3840_30fps','00:00:18',40215,19),(1314,'9780F5C016117C00451B2339CDDEF0A2','2024-05-15 19:49:11',0,'.mp4','',1,'20486952-hd_1080_1920_30fps','00:00:17',11857,19),(1315,'3D60A7BBE217BA2F2814F4EAA69D871F','2024-05-15 19:49:38',0,'.mp4','',0,'20356602-uhd_3840_2160_25fps','00:01:00',169070,19),(1316,'9F99C319E5D6025D120C2CDF183C164A','2024-05-15 19:50:04',0,'.mp4','',0,'DUCKSSSSSS','00:00:11',30311,19),(1317,'6759CB9D9AE9321120E49FF491C372B6','2024-05-15 19:50:30',0,'.mp4','',0,'20233414-uhd_4096_2160_30fps','00:00:36',108775,19),(1318,'8B40592DDE74365A92020C9AD733FF32','2024-05-15 19:50:47',0,'.mp4','',0,'20344324-uhd_3840_2160_60fps','00:00:40',123050,19),(1319,'E7D90805709A5D46C654557667E76738','2024-05-15 19:51:11',0,'.mp4','',1,'19069354-uhd_2160_3840_25fps','00:00:05',3472,19),(1320,'F9710667AC7C34AC96A69BC7505ADA51','2024-05-15 19:51:34',0,'.mp4','',5,'14093035-uhd_2160_3840_30fps','00:00:03',5967,19),(1321,'04E843131BBA0B2DB529DB9C04928149','2024-05-15 19:52:01',0,'.mp4','',0,'19804747-uhd_3840_2160_25fps','00:00:14',46429,19),(1322,'1B29B452261615628AAB38E97CE7AD8D','2024-05-15 19:54:00',0,'.mp4','',2,'10200314-hd_2160_3840_25fps','00:00:03',9958,19),(1323,'84EFBDA9E043808610E6511908A23803','2024-05-15 19:54:32',0,'.mp4','',0,'20214791-uhd_3840_2160_30fps','00:00:09',14811,19),(1324,'351BBFD1693510BBD4E2B81FF9A2EE93','2024-05-15 19:54:56',0,'.mp4','',0,'20443555-uhd_3840_2160_30fps','00:00:19',59082,19),(1325,'3080909C4C09F25CFC8E297B9567E72C','2024-05-15 19:55:18',0,'.mp4','',0,'9823124-uhd_3840_2160_25fps','00:00:26',49391,19),(1326,'443014FD7CB0B6D9FE0924EC72DAB1EA','2024-05-15 19:55:52',0,'.mp4','',2,'20416437-uhd_2560_1440_30fps','00:00:30',49464,19),(1327,'EBD59F7CCED951494EAE77D66FA9F237','2024-05-15 19:56:12',0,'.mp4','',0,'20412518-hd_1920_1080_30fps','00:00:37',25682,19),(1328,'1C940EC2CE4CF2C7F24E05351541822F','2024-05-15 19:56:34',0,'.mp4','',0,'18482904-uhd_3240_2160_30fps','00:00:19',62046,19),(1329,'ED8434FB4156A67E06292233BCA34A81','2024-05-15 19:56:55',0,'.mp4','',0,'1093659-uhd_3840_2160_30fps','00:00:12',31953,19),(1330,'0B3A6BB3A5C14E730223322ECD96BE93','2024-05-15 19:57:19',0,'.mp4','',0,'17517258-hd_1920_1080_30fps','00:00:09',7409,19),(1331,'C0A35B6F8EA9E8212C59A17D6733BFCC','2024-05-15 19:57:42',0,'.mp4','',1,'9953721-uhd_3840_2160_30fps','00:00:22',32507,19),(1332,'AE8D3653B87C1397DBC5B9AB1C362384','2024-05-15 19:58:16',0,'.mp4','',0,'12296473-uhd_3840_2160_60fps','00:00:08',28834,19),(1333,'B5CE7FCB2353BA203A1A75C5619E15E4','2024-05-15 19:58:43',0,'.mp4','',2,'8188515-uhd_2160_3840_25fps','00:00:05',13096,19),(1334,'464C173B96151078A2DB459CB97FD8A8','2024-05-15 20:02:19',0,'.mp4','',0,'19215250-uhd_3840_2160_24fps','00:00:18',53003,19),(1335,'0CC40B2D21826A7199F978C36BF32F0C','2024-05-15 20:02:44',0,'.mp4','',0,'uhd_30fps','00:00:32',24290,19),(1336,'3687258D96045D4BFF0B4DEEA4422387','2024-05-15 20:03:09',0,'.mp4','',0,'9851047-uhd_3840_2160_30fps','00:00:40',119938,19),(1337,'6406331F93B9A1AEA10C8F006CEF165C','2024-05-15 20:03:40',0,'.mp4','',7,'20501562-uhd_2160_3840_30fps','00:00:14',45043,19),(1338,'545A71BD34D1009BA705059DB3ABA3BB','2024-05-15 20:04:36',0,'.mp4','',0,'20485331-uhd_3840_2160_60fps','00:00:18',6395,19),(1339,'6FC7B695440679E55F2FC26372A74B44','2024-05-15 20:05:13',0,'.mp4','',0,'14873245-uhd_3840_2160_30fps','00:00:19',60087,19),(1340,'DC28D2167AB0DE8AACC34D8BD774A79D','2024-05-15 20:05:34',0,'.mp4','',0,'20378580-uhd_3840_2160_60fps','00:00:13',20941,19),(1341,'EA5A4F0FE991D701552B55CEB308B615','2024-05-15 20:06:09',0,'.mp4','DUCK!',2,'20532935-uhd_3840_2160_24fps','00:00:09',31124,19),(1342,'C6040080E4EA0F32770E5F7A12837882','2024-05-15 20:06:31',0,'.mp4','',0,'20218339-uhd_3840_2160_25fps','00:00:10',29460,19),(1343,'7F860DF4668A7178B3B7CA444791FCE9','2024-05-15 20:06:56',0,'.mp4','',3,'20246932-hd_1080_1920_25fps','00:00:20',15057,19),(1344,'786F1A41BF3FEE0DF9E37CF2E568C98B','2024-05-15 20:07:22',0,'.mp4','',1,'20378581-uhd_3840_2160_60fps','00:00:23',13480,19),(1345,'327EEEFC0F9D6659131ADE0CC64BBE29','2024-05-15 20:07:39',0,'.mp4','',0,'20317231-uhd_3840_2160_30fps','00:00:21',34599,19),(1346,'E68E695C5B2F2CAFFB1D7EF9D74D95B0','2024-05-15 20:07:58',0,'.mp4','',0,'17695378-uhd_3840_2160_30fps','00:00:13',42800,19),(1347,'3FDF915032B19AAE49DE029B9580F9D1','2024-05-15 20:08:26',0,'.mp4','',2,'20306172-uhd_2160_3840_30fps','00:00:08',21506,19),(1348,'5B2E02BBE8496BA44400916412AB03E5','2024-05-15 20:08:47',0,'.mp4','',0,'19224432-uhd_2560_1440_30fps','00:00:23',38505,19),(1349,'3CE4F3A3FFFF2D054AC768D8944206D1','2024-05-15 20:09:07',0,'.mp4','',0,'20471158-uhd_2560_1440_30fps','00:00:43',67760,19),(1350,'B8F8B7C1B9E6EF12B5C1C5610CE609B6','2024-05-15 20:09:32',0,'.mp4','',0,'14168825-uhd_3840_2160_30fps','00:00:12',38863,19),(1351,'C751F209DF6812E9B70B60B3138341DB','2024-05-15 20:09:50',0,'.mp4','',0,'19408915-hd_1920_1080_30fps','00:00:05',3948,19),(1352,'4132B1CCC6A0FADAC11035E24F56C19C','2024-05-15 20:10:14',0,'.mp4','',0,'20433217-uhd_3840_2160_30fps','00:00:32',76065,19),(1353,'B2B22B7E6BF6A3B215BBB2810594BD99','2024-05-15 20:10:38',0,'.mp4','',3,'11400682-hd_1080_1764_30fps','00:00:13',6435,19),(1354,'276375CDE560FB8658E65F45B8432256','2024-05-15 20:11:10',0,'.mp4','',0,'19896889-uhd_3840_2160_60fps','00:00:09',22844,19),(1355,'74B16BA2262FA93189952A1F8A496C2A','2024-05-15 20:11:32',0,'.mp4','',1,'20393608-uhd_2160_3840_25fps','00:00:21',63562,19),(1356,'AEA9126A8E368108D71A20814CEBA369','2024-05-15 20:11:52',0,'.mp4','',2,'16572385-hd_1920_1080_24fps','00:00:31',13055,19),(1357,'FE9F115ACED9F7617E9F3643451ACF6A','2024-05-15 20:12:15',0,'.mp4','',0,'15377024-uhd_3840_2160_25fps','00:00:10',16614,19),(1359,'911819DA9C476903C2587E8C890D944C','2024-05-15 20:13:26',0,'.mp4','',0,'20391843-uhd_3840_2160_50fps','00:00:08',25684,19),(1360,'101C58647B7C1EA968F0F9BF781B456D','2024-05-15 20:14:08',0,'.mp4','',3,'20564570-uhd_2160_3840_25fps','00:00:10',22953,19),(1361,'535084C57B267FC9988635FCABC215C5','2024-05-15 20:14:30',0,'.mp4','',1,'8871285-uhd_2160_3840_25fps','00:00:04',11704,19),(1362,'AB47F3B7AF4FFB3F82D032175D34C104','2024-05-15 20:14:54',0,'.mp4','',0,'19247660-uhd_3840_2160_60fps','00:00:07',24536,19),(1363,'75B05C870B693C06C79625C0E5FF1B1A','2024-05-15 20:15:31',0,'.mp4','',5,'20501508-uhd_2160_3840_30fps','00:00:07',14442,19),(1364,'A6154FBC4143985D50977632B4BA76E6','2024-05-15 20:16:03',0,'.mp4','',0,'19149707-uhd_3840_2160_60fps','00:00:09',31001,19),(1365,'C2ECD71F396482CF73BF377F987E1252','2024-05-15 20:16:21',0,'.mp4','',0,'6561360-hd_1920_1080_30fps','00:00:15',9066,19),(1366,'E0C7322E742664621B2F6B865CB05D81','2024-05-15 20:16:41',0,'.mp4','',0,'19177707-uhd_3840_2160_25fps','00:00:10',16158,19),(1367,'2A9EF6C46E38AFF1F0C88B24B7259813','2024-05-15 20:17:05',0,'.mp4','',4,'20496059-hd_1080_1920_30fps','00:00:21',15075,19),(1368,'124CE328041F21F9E49F9A0837E63F27','2024-05-15 20:17:32',0,'.mp4','',0,'20233744-uhd_3840_2160_30fps','00:00:17',47560,19),(1369,'44772F01DA64E612A48F4D7CBBFDF449','2024-05-15 20:17:57',0,'.mp4','',0,'20315562-hd_1920_1080_30fps','00:00:07',5913,19),(1370,'0CEA091B1FAC8D82A7C5C08C2F12EF5A','2024-05-15 20:18:22',0,'.mp4','',0,'19990812-uhd_2560_1440_30fps','00:00:35',58957,19),(1371,'5B3ADBCA565802D350F65A142F143929','2024-05-15 20:18:49',0,'.mp4','birb',0,'16666848-hd_1920_1080_24fps','00:00:28',8899,19),(1372,'3B5313F6E27693CAE1B96C271A0B1663','2024-05-15 20:19:13',0,'.mp4','',0,'9712579-uhd_3840_2160_30fps','00:00:45',134554,19),(1373,'67FB308178C9B12CEC807B88C512D7B9','2024-05-15 20:19:32',0,'.mp4','',0,'20497210-hd_1920_1080_50fps','00:00:07',5848,19),(1374,'6CF40F77D96C4AA53D8B8B7C24E87B64','2024-05-15 20:19:53',0,'.mp4','',0,'11856385-uhd_2160_3840_25fps','00:00:35',103650,19),(1375,'3C3A7E274074C4F66DE0A064837B2C2B','2024-05-15 20:20:10',0,'.mp4','',1,'6845593-uhd_2160_3840_25fps','00:00:09',24923,19),(1376,'FD51AE444DFF2A322770F4E5F29A6C93','2024-05-15 20:20:34',0,'.mp4','',0,'7125759-uhd_3840_2160_30fps','00:00:16',42683,19),(1377,'952E56BA269654D1CE3A41B139677321','2024-05-15 20:20:53',0,'.mp4','',3,'7244811-hd_1080_1920_25fps','00:00:07',2457,19),(1378,'6C2D4D673E232DE1FEE3C29328EBCF64','2024-05-15 20:21:10',0,'.mp4','',0,'20184664-hd_1920_1080_30fps','00:00:06',3087,19),(1379,'732647024DF5A8E45E6FA78227753A60','2024-05-15 20:21:28',0,'.mp4','',5,'18724815-hd_1080_1920_40fps','00:00:13',7859,19),(1380,'DFDE1D202024CD71D9AA32BD04F5BDD5','2024-05-15 20:21:47',0,'.mp4','',1,'4125001-hd_1080_1920_25fps','00:00:10',3307,19),(1381,'879BB110ADD8B37389247119160EA215','2024-05-15 20:22:09',0,'.mp4','',3,'15397891-uhd_2160_3840_25fps','00:00:02',1129,19),(1382,'3CF2917AE9343948CC64C40C4F797FE0','2024-05-15 20:22:40',0,'.mp4','',0,'19757074-uhd_3840_2160_30fps','00:00:51',149824,19),(1383,'C9412B6922239AB25572351EFC73C818','2024-05-15 20:23:16',0,'.mp4','',4,'20683835-hd_1080_1920_30fps','00:00:14',8407,19),(1384,'5F7C5FA694D6BEEB863790E4E17DBA38','2024-05-15 20:23:44',0,'.mp4','',0,'6950555-hd_1920_1080_25fps','00:00:23',8155,19),(1385,'E4141EA8D88113137033490D435F7006','2024-05-15 20:24:14',0,'.mp4','chair.',1,'chair.','00:00:04',1381,19),(1386,'E385F2A56937459FE54EA74DA3FC1CC8','2024-05-15 20:24:33',0,'.mp4','',0,'20325563-uhd_3840_2160_60fps','00:00:04',13722,19),(1387,'D8E21907585286989FEA698106131503','2024-05-15 20:24:53',0,'.mp4','',1,'6562756-hd_720_1284_30fps','00:00:09',3213,19),(1388,'DE9FFEFB28421A860CB3833D7151BA11','2024-05-15 20:25:18',0,'.mp4','',0,'20576968-hd_1920_1080_25fps','00:00:27',19021,19),(1389,'DD85E3924D554562EE6F44D0CB85569C','2024-05-15 20:26:06',0,'.mp4','',0,'20600550-uhd_3840_2160_30fps','00:00:22',68380,19),(1390,'2FE6F0A4700371D1158E75F6701A96CA','2024-05-15 20:26:45',0,'.mp4','',7,'15921892-uhd_3840_2160_50fps','00:00:15',48935,19),(1391,'4F390F67E527EF584E988B6454D39E0B','2024-05-15 20:27:03',0,'.mp4','',11,'6060027-uhd_2160_3840_25fps','00:00:06',18012,19),(1392,'16D60A67591385CAC21177B2E60D1F89','2024-05-15 20:27:20',1,'.mp4','',10,'20770858-hd_1080_1920_30fps','00:00:10',6884,19);
/*!40000 ALTER TABLE `videos` ENABLE KEYS */;
UNLOCK TABLES;

--
-- Table structure for table `videotags`
--

DROP TABLE IF EXISTS `videotags`;
/*!40101 SET @saved_cs_client     = @@character_set_client */;
/*!50503 SET character_set_client = utf8mb4 */;
CREATE TABLE `videotags` (
  `video_id` int(11) NOT NULL,
  `tag_id` int(11) NOT NULL,
  PRIMARY KEY (`video_id`,`tag_id`),
  KEY `tag_id` (`tag_id`),
  CONSTRAINT `videotags_ibfk_1` FOREIGN KEY (`video_id`) REFERENCES `videos` (`video_id`),
  CONSTRAINT `videotags_ibfk_2` FOREIGN KEY (`tag_id`) REFERENCES `tags` (`tag_id`)
) ENGINE=InnoDB DEFAULT CHARSET=utf8mb4 COLLATE=utf8mb4_unicode_ci;
/*!40101 SET character_set_client = @saved_cs_client */;

--
-- Dumping data for table `videotags`
--

LOCK TABLES `videotags` WRITE;
/*!40000 ALTER TABLE `videotags` DISABLE KEYS */;
INSERT INTO `videotags` VALUES (1293,1),(1293,127),(1293,173),(1293,220),(1293,223),(1294,1),(1294,127),(1294,174),(1294,220),(1294,226),(1295,1),(1295,172),(1295,209),(1295,223),(1295,239),(1296,1),(1296,127),(1296,181),(1296,220),(1296,223),(1296,235),(1296,239),(1296,240),(1297,1),(1297,172),(1297,200),(1297,205),(1297,209),(1297,214),(1297,216),(1297,223),(1297,233),(1297,239),(1297,242),(1297,243),(1298,192),(1298,205),(1298,223),(1299,1),(1299,172),(1299,181),(1299,200),(1299,204),(1299,217),(1299,223),(1299,235),(1299,239),(1299,241),(1300,1),(1300,172),(1300,192),(1300,200),(1300,205),(1300,209),(1300,214),(1300,216),(1300,217),(1300,220),(1300,223),(1300,233),(1300,239),(1300,243),(1301,1),(1301,127),(1301,203),(1301,229),(1301,232),(1301,238),(1301,239),(1302,1),(1302,173),(1302,174),(1302,175),(1302,183),(1302,184),(1303,1),(1303,207),(1303,222),(1303,235),(1303,241),(1304,1),(1304,175),(1304,187),(1304,198),(1304,205),(1304,206),(1304,220),(1305,1),(1305,172),(1305,183),(1305,188),(1305,196),(1305,197),(1305,208),(1305,217),(1306,1),(1306,172),(1306,173),(1306,174),(1306,195),(1306,196),(1306,212),(1307,1),(1307,127),(1307,198),(1307,199),(1307,200),(1307,201),(1307,202),(1308,1),(1308,199),(1308,200),(1308,201),(1308,202),(1308,203),(1308,216),(1309,1),(1309,200),(1309,201),(1309,202),(1309,203),(1310,1),(1310,127),(1310,189),(1310,190),(1310,191),(1310,213),(1310,214),(1311,1),(1311,178),(1311,188),(1311,201),(1311,212),(1312,1),(1312,196),(1312,197),(1312,198),(1312,199),(1312,200),(1312,201),(1312,202),(1312,203),(1313,1),(1313,127),(1313,208),(1313,209),(1313,210),(1313,211),(1313,212),(1314,1),(1314,127),(1314,201),(1314,202),(1314,203),(1314,204),(1314,205),(1314,206),(1315,184),(1315,185),(1315,186),(1315,187),(1315,188),(1315,189),(1315,190),(1316,1),(1316,199),(1316,200),(1316,201),(1316,202),(1316,203),(1316,204),(1316,205),(1317,1),(1317,190),(1317,192),(1317,193),(1317,194),(1317,195),(1317,196),(1317,197),(1317,198),(1317,199),(1317,200),(1317,201),(1317,202),(1317,203),(1317,204),(1317,205),(1318,1),(1318,220),(1318,221),(1318,222),(1318,223),(1318,224),(1318,225),(1318,226),(1319,1),(1319,127),(1319,185),(1319,186),(1319,187),(1319,188),(1319,189),(1319,190),(1319,191),(1319,192),(1319,193),(1320,1),(1320,127),(1320,187),(1320,188),(1320,189),(1320,190),(1320,203),(1320,204),(1320,205),(1320,233),(1320,234),(1321,1),(1321,185),(1321,186),(1321,187),(1321,188),(1321,189),(1321,190),(1321,191),(1321,192),(1321,193),(1321,194),(1321,195),(1322,1),(1322,127),(1322,194),(1322,195),(1322,196),(1322,197),(1322,198),(1322,199),(1322,200),(1322,230),(1322,231),(1322,232),(1322,233),(1322,234),(1322,235),(1323,1),(1323,200),(1323,201),(1323,202),(1323,203),(1323,204),(1323,205),(1323,206),(1324,1),(1324,227),(1324,228),(1324,229),(1324,230),(1324,231),(1324,232),(1324,233),(1325,1),(1325,196),(1325,197),(1325,198),(1325,199),(1325,200),(1325,201),(1325,202),(1325,203),(1325,204),(1326,1),(1326,208),(1326,209),(1326,210),(1326,226),(1326,227),(1326,228),(1326,241),(1326,242),(1326,243),(1326,244),(1327,1),(1327,184),(1327,185),(1327,186),(1327,187),(1327,188),(1327,189),(1328,1),(1328,197),(1328,198),(1328,199),(1328,200),(1328,201),(1328,216),(1328,217),(1328,218),(1328,219),(1328,220),(1328,221),(1328,222),(1329,1),(1329,206),(1329,207),(1329,208),(1329,209),(1329,210),(1329,211),(1329,212),(1329,213),(1329,214),(1329,215),(1330,1),(1330,184),(1330,185),(1330,186),(1330,187),(1330,188),(1330,189),(1330,190),(1330,191),(1330,192),(1330,193),(1331,1),(1331,181),(1331,182),(1331,183),(1331,184),(1331,185),(1331,186),(1331,187),(1332,1),(1332,181),(1332,182),(1332,183),(1332,184),(1332,185),(1332,186),(1332,187),(1333,1),(1333,127),(1333,184),(1333,185),(1333,186),(1333,187),(1333,188),(1333,189),(1333,190),(1334,1),(1334,200),(1334,201),(1334,202),(1334,203),(1334,204),(1335,1),(1335,127),(1335,174),(1335,175),(1335,176),(1335,177),(1335,178),(1336,1),(1336,175),(1336,176),(1336,177),(1336,178),(1336,179),(1336,180),(1336,181),(1337,1),(1337,127),(1337,174),(1337,175),(1337,176),(1337,177),(1337,178),(1338,1),(1338,195),(1338,196),(1338,197),(1338,198),(1338,199),(1338,200),(1338,201),(1339,1),(1339,209),(1339,210),(1339,211),(1339,212),(1339,240),(1339,241),(1339,242),(1340,1),(1340,172),(1340,173),(1340,174),(1340,175),(1340,176),(1340,177),(1340,178),(1341,1),(1341,192),(1341,193),(1341,194),(1341,195),(1341,196),(1341,197),(1341,198),(1341,199),(1341,200),(1341,201),(1341,202),(1341,203),(1341,204),(1341,205),(1341,206),(1341,207),(1341,208),(1341,209),(1341,210),(1341,211),(1341,212),(1341,213),(1341,214),(1341,215),(1341,216),(1341,217),(1341,218),(1341,219),(1342,1),(1342,184),(1342,185),(1342,186),(1342,187),(1342,188),(1342,189),(1342,190),(1342,191),(1342,192),(1343,1),(1343,127),(1343,204),(1343,226),(1343,227),(1343,228),(1344,1),(1344,172),(1344,173),(1344,174),(1344,175),(1344,176),(1344,177),(1344,178),(1344,179),(1344,180),(1344,181),(1344,182),(1344,183),(1344,184),(1344,185),(1344,186),(1344,187),(1344,188),(1344,189),(1344,190),(1344,191),(1344,192),(1344,193),(1344,194),(1344,195),(1344,196),(1344,197),(1344,198),(1344,199),(1344,200),(1344,201),(1344,202),(1345,1),(1345,175),(1345,176),(1345,177),(1345,178),(1345,179),(1345,180),(1345,181),(1345,182),(1345,183),(1346,1),(1346,185),(1346,186),(1346,187),(1346,188),(1346,189),(1346,190),(1346,191),(1347,1),(1347,127),(1347,187),(1347,188),(1347,189),(1347,190),(1347,191),(1347,192),(1347,193),(1348,1),(1348,181),(1348,182),(1348,183),(1348,184),(1348,185),(1348,186),(1349,1),(1349,184),(1349,185),(1349,186),(1349,187),(1349,188),(1349,189),(1349,190),(1349,191),(1349,192),(1350,1),(1350,175),(1350,176),(1350,177),(1350,178),(1350,179),(1350,180),(1350,181),(1350,182),(1351,1),(1351,218),(1351,219),(1351,220),(1351,221),(1351,222),(1351,223),(1351,224),(1351,225),(1352,1),(1352,204),(1352,205),(1352,206),(1352,207),(1352,208),(1352,209),(1352,210),(1352,211),(1352,212),(1352,213),(1352,214),(1353,1),(1353,127),(1353,193),(1353,194),(1353,195),(1353,196),(1353,197),(1353,198),(1353,199),(1353,214),(1353,215),(1353,216),(1353,229),(1353,230),(1353,231),(1353,242),(1353,243),(1354,1),(1354,192),(1354,193),(1354,194),(1354,195),(1354,196),(1354,197),(1354,198),(1354,222),(1354,223),(1354,224),(1354,225),(1354,239),(1354,240),(1355,1),(1355,127),(1355,212),(1355,213),(1355,214),(1355,215),(1355,216),(1355,217),(1355,234),(1355,235),(1356,1),(1356,181),(1356,182),(1356,183),(1356,197),(1356,198),(1356,199),(1356,211),(1356,212),(1356,213),(1356,222),(1356,223),(1356,234),(1356,235),(1356,236),(1356,242),(1356,243),(1357,1),(1357,178),(1357,179),(1357,188),(1357,189),(1357,198),(1357,199),(1357,206),(1357,207),(1357,219),(1357,220),(1357,221),(1357,230),(1357,231),(1357,241),(1359,1),(1359,174),(1359,175),(1359,188),(1359,189),(1359,199),(1359,200),(1359,211),(1359,212),(1359,213),(1359,225),(1359,226),(1359,227),(1359,228),(1359,229),(1359,230),(1359,231),(1359,232),(1360,1),(1360,127),(1360,176),(1360,177),(1360,178),(1360,191),(1360,192),(1360,193),(1360,194),(1360,195),(1360,196),(1361,1),(1361,127),(1361,198),(1361,199),(1361,200),(1361,201),(1361,202),(1361,215),(1361,216),(1361,217),(1361,218),(1362,1),(1362,182),(1362,183),(1362,184),(1362,185),(1362,186),(1362,187),(1363,1),(1363,127),(1363,176),(1363,177),(1363,178),(1363,179),(1363,180),(1363,192),(1363,193),(1363,194),(1363,205),(1363,206),(1363,207),(1363,218),(1363,219),(1363,220),(1363,234),(1363,235),(1363,236),(1364,1),(1364,181),(1364,182),(1364,183),(1364,184),(1364,185),(1365,1),(1365,176),(1365,177),(1365,178),(1365,179),(1365,180),(1365,181),(1365,182),(1365,183),(1366,1),(1366,183),(1366,184),(1366,185),(1366,186),(1366,187),(1366,188),(1366,189),(1367,1),(1367,127),(1367,198),(1367,199),(1367,200),(1367,201),(1367,202),(1367,203),(1367,204),(1367,205),(1367,206),(1367,207),(1367,208),(1368,1),(1368,189),(1368,190),(1368,191),(1368,192),(1368,193),(1368,202),(1368,203),(1368,204),(1368,214),(1368,215),(1368,216),(1368,223),(1368,224),(1369,1),(1369,228),(1369,229),(1369,230),(1369,231),(1369,239),(1369,240),(1369,241),(1370,1),(1370,174),(1370,176),(1370,177),(1370,178),(1370,179),(1370,180),(1370,181),(1370,182),(1371,1),(1371,185),(1371,186),(1371,187),(1371,188),(1371,189),(1371,190),(1371,191),(1371,192),(1372,1),(1372,183),(1372,184),(1372,185),(1372,186),(1372,187),(1372,188),(1372,215),(1372,216),(1372,217),(1373,1),(1373,195),(1373,196),(1373,197),(1373,198),(1373,199),(1373,200),(1373,201),(1374,1),(1374,127),(1374,173),(1374,174),(1374,175),(1374,176),(1374,177),(1375,1),(1375,127),(1375,199),(1375,200),(1375,201),(1375,202),(1375,203),(1375,204),(1375,205),(1375,206),(1376,1),(1376,198),(1376,199),(1376,200),(1376,212),(1376,213),(1376,222),(1376,233),(1376,242),(1377,1),(1377,127),(1377,187),(1377,188),(1377,189),(1377,203),(1377,204),(1377,217),(1378,1),(1378,195),(1378,196),(1378,197),(1378,198),(1378,213),(1378,214),(1378,215),(1379,1),(1379,127),(1379,181),(1379,182),(1379,183),(1379,184),(1379,185),(1379,186),(1379,187),(1379,188),(1379,189),(1380,1),(1380,127),(1380,192),(1380,193),(1380,194),(1380,222),(1380,223),(1380,224),(1381,1),(1381,127),(1381,184),(1381,185),(1381,186),(1381,187),(1381,188),(1381,189),(1381,213),(1381,214),(1382,1),(1382,193),(1382,194),(1382,208),(1382,209),(1382,218),(1382,219),(1382,220),(1382,221),(1382,222),(1382,223),(1382,224),(1382,225),(1382,226),(1382,227),(1383,1),(1383,127),(1383,174),(1383,175),(1383,176),(1383,177),(1383,189),(1383,190),(1383,191),(1383,192),(1383,205),(1383,206),(1383,222),(1383,233),(1383,241),(1384,1),(1384,188),(1384,202),(1384,217),(1384,231),(1384,243),(1385,1),(1385,127),(1385,203),(1386,1),(1386,198),(1386,199),(1386,200),(1386,201),(1386,234),(1386,235),(1387,1),(1387,127),(1387,190),(1387,191),(1387,192),(1387,193),(1387,219),(1387,220),(1387,221),(1387,222),(1388,1),(1388,204),(1388,205),(1388,206),(1388,221),(1388,222),(1388,223),(1388,224),(1388,225),(1388,226),(1388,227),(1388,228),(1388,229),(1389,1),(1389,174),(1389,175),(1389,176),(1389,177),(1389,191),(1389,192),(1390,1),(1390,192),(1390,194),(1390,195),(1390,214),(1390,215),(1390,216),(1390,217),(1390,218),(1390,219),(1390,220),(1390,221),(1390,222),(1390,223),(1391,1),(1391,127),(1391,233),(1391,234),(1391,235),(1391,236),(1392,1),(1392,127),(1392,193),(1392,194),(1392,195),(1392,196),(1392,197),(1392,198);
/*!40000 ALTER TABLE `videotags` ENABLE KEYS */;
UNLOCK TABLES;
/*!40103 SET TIME_ZONE=@OLD_TIME_ZONE */;

/*!40101 SET SQL_MODE=@OLD_SQL_MODE */;
/*!40014 SET FOREIGN_KEY_CHECKS=@OLD_FOREIGN_KEY_CHECKS */;
/*!40014 SET UNIQUE_CHECKS=@OLD_UNIQUE_CHECKS */;
/*!40101 SET CHARACTER_SET_CLIENT=@OLD_CHARACTER_SET_CLIENT */;
/*!40101 SET CHARACTER_SET_RESULTS=@OLD_CHARACTER_SET_RESULTS */;
/*!40101 SET COLLATION_CONNECTION=@OLD_COLLATION_CONNECTION */;
/*!40111 SET SQL_NOTES=@OLD_SQL_NOTES */;

-- Dump completed on 2024-05-19 11:45:36
